Region,Title,Original_Title,Release_Date,Rating,Popularity,Overview
Asia,巨洪,대홍수,2025-09-18,6.087,478.4638,這一天也許就是地球末日，在洪水湧入的公寓裡，這人的生死掙扎眼看就是人類存亡的最後希望。
Asia,Bang: storm of bullets,Bang: storm of bullets,2025-07-11,6.306,158.8123,
Asia,捕風追影,捕风追影,2025-08-16,6.587,127.9453,一夥天才盜匪劫走數億資産，卻憑借超強反偵察能力全身而退，戲耍警方“天眼”系統。一籌莫展之際，澳門司警局請回了隱退多年的跟蹤專家黃德忠（成龍 飾），他培養年輕司警何秋果（張子楓 飾）等人，重組“神秘跟蹤隊”，最終鎖定了盜匪團的幕後狼王傅隆生（梁家輝 飾）。當警方布下天羅地網之時，盜匪團也設下局中局，鬥智鬥勇鬥心眼，一場高端貓鼠局拉開帷幕......
Asia,劇場版『鏈鋸人 蕾潔篇』,劇場版 チェンソーマン レゼ篇,2025-09-19,8.291,95.9664,為了償還父母留下的債務，為黑道打工的惡魔獵人淀治，遭到背叛並慘遭殺害。在意識消散之際，與他感情深厚的鏈鋸惡魔狗波奇塔，與淀治簽訂契約救了他一命，也讓兩人合而為一，從此誕生了所向無敵的「鏈鋸人」。  如今，在惡魔、獵人與潛藏敵人交鋒的殘酷戰爭中，一位神祕少女蕾潔，闖入了淀治的世界。面對史上最致命的對決，淀治將在這個毫無規則可言的生存遊戲中，被愛推向命運的漩渦。
Asia,劇場版「鬼滅之刃」無限城篇 第一章 猗窩座再襲,劇場版「鬼滅の刃」無限城編 第一章 猗窩座再来,2025-07-18,7.634,90.2879,為了面對與鬼即將到來的決戰，竈門炭治郎和隊員們集體參加聯合強化訓練《柱訓練》。此時，鬼舞辻無慘卻出現在「鬼殺隊」的大本營產屋敷府。「柱」們與炭治郎在無慘的操縱之下落入了充滿謎團的空間，炭治郎等人落下的地方，正是鬼的大本營「無限城」──「鬼殺隊」與「鬼」的決戰，序幕就此揭開。
Asia,角頭－鬥陣欸,角頭－鬥陣欸,2025-08-21,6.2,83.6628,發生在大橋頭事件之後，隨著Michael的離開，台灣角頭勢力陷入真空期，北部角頭版圖開始動搖，南部勢力蠢蠢欲動，故事圍繞著南北部六大巨頭（高捷、蔡振南、太保、喜翔、龍天翔、崔浩然）之間的爾虞我詐和南北角頭的勢力爭奪展開⋯⋯
Asia,坎塔拉：第一章,ಕಾಂತಾರ: ಅಧ್ಯಾಯ - ೧,2025-10-01,7.0,73.0079,影片探索了卡丹巴王朝時期卡杜貝圖濕婆的起源，深入探討了圍繞他過去的未馴服的荒野和被遺忘的傳說。
Asia,哪吒之魔童鬧海,哪吒之魔童闹海,2025-01-29,8.09,68.0471,天劫之後，哪吒、敖丙的靈魂雖然保住了，但肉身很快會魂飛魄散。太乙真人只能使用七色寶蓮給二人重塑肉身。但是在重塑肉身的過程中卻遭遇重重困難，哪吒、敖丙的命運將走向何方？申公豹放出被囚禁深海的四龍王，東海龍王敖光表示「我若出戰，就讓陳塘關雞犬不留」，哪吒為了守衛陳塘關將與四海龍王大打出手。
Asia,征服者,धुरंधर,2025-12-05,6.268,68.4349,《征服者》是一部群星雲集的史詩之作，靈感源自真實事件。故事以印度愛國情懷為背景，深入描繪黑幫世界的殘酷罪惡，融合激烈動作場面、莎士比亞式的背叛，以及間諜世界的高超謀略。
Asia,劇場版 咒術迴戰 澀谷事變x死滅迴游 先行上映,劇場版 呪術廻戦「渋谷事変 特別編集版」×「死滅回游 先行上映」,2025-11-07,5.3,64.1211,2018年10月31日。在萬聖節熱鬧的澀谷車站周圍突然降下了「帳」，大批一般民眾受困其中。現代最強咒術師──五條悟獨自闖入內部。然而，那裡正有企圖封印五條的咒詛師與咒靈們正在守株待兔。虎杖悠仁等等眾多咒術師在澀谷集結。前所未有的大規模詛咒之戰「澀谷事變」即將開幕……而後，戰鬥擴展至史上最凶惡術師加茂憲倫所設計的殘殺遊戲「死滅迴游」。經歷了「澀谷事變」，全國10個結界化為魔窟。在一片混亂之中，虎杖的死刑執行人──特級術師乙骨憂太阻擋在前。陷入絕望仍繼續戰鬥的虎杖。無情拔刀相向的乙骨。詛咒的混沌不斷加速。師出同門的虎杖與乙骨，兩人的死鬥即將展開——。
Asia,10DANCE,10DANCE,2025-12-17,6.7,44.2628,這兩位舞者對跳舞充滿熱情，但除此之外可說是南轅北轍。他們同意為一場比賽一起訓練，一開始衝突不斷，但隨即深深被對方吸引。
Asia,孤夜尋兇：豪門血案,रात अकेली है - द बंसल मर्डर्स,2025-12-18,7.3,47.672,班薩爾家族慘遭謀殺後，警察加帝亞達夫展開調查，逐步揭開一張貪婪、背叛與祕密交織的致命陰謀網。
Asia,లైలా,లైలా,2025-02-14,5.2,39.8533,
Asia,귀시,귀시,2025-09-17,6.25,37.5837,
Asia,ஸ்டீபன்,ஸ்டீபன்,2025-12-05,6.7,24.2348,
Asia,徵人啟弒,어쩔수가없다,2025-09-24,7.558,23.4594,"擁有25年造紙經驗的資深技師萬洙（李炳憲 飾），一直以來對自己的人生感到十分滿意，甚至能發自內心地說：「我已經擁有一切了。」他與妻子美莉（孫藝珍 飾）、兩個孩子和兩隻狗過著平凡幸福的日子。然而某天，公司卻突然通知他被解雇。 「很抱歉，我們別無選擇。」"
Asia,聖夜：惡魔都市,거룩한 밤: 데몬 헌터스,2025-04-30,6.7,21.3591,因為崇拜邪惡的集團，使都市陷入混亂。擁有特殊能力的惡魔獵人「聖夜」團隊成員巴宇（馬東石 飾）、莎倫（徐玄 飾）、金君（李大衛 飾），他們是否戰勝邪惡力量，恢復都市的秩序呢？​
Asia,Orang Ikan,Orang Ikan,2025-05-08,5.935,19.7309,
Asia,หมู่บ้านโคกะโหลก,หมู่บ้านโคกะโหลก,2025-11-06,3.8,16.0952,
Asia,塔瑪,थम्मा,2025-10-21,6.5,14.2666,一對命中註定的戀人在一個神秘的世界裡對抗超自然力量、家庭關係和大自然本身，捍衛他們的禁忌之戀，而古老的力量和預言卻威脅著他們之間的分離。
Asia,封神第二部：戰火西岐,封神第二部：战火西岐,2025-01-29,6.416,12.6612,殘暴無道的商紂王殷壽（費翔 飾），濫殺諸侯，天下民不聊生，慘遭天譴。為解除天譴，他意圖奪取封神榜逆天改命。姜子牙（黃渤 飾）、姬發（于適 飾）挺身而出帶領軍民堅守西岐，家園的保衛戰一觸即發！
Asia,劇場版 咒術迴戰 懷玉‧玉折,劇場版総集編 呪術廻戦 懐玉・玉折,2025-05-30,8.357,13.0703,故事設定在2006年，二年級生的五條悟與夏油傑奉命保護一位名為天內理子的少女，她體內的「星漿體」讓她背負每500年與天元大人同化的宿命，藉以維持咒術界的恆久穩定，任務中，自信滿滿的兩人遭遇殺手伏黑慎爾的伏擊，伏黑慎爾不僅威脅了護衛任務的執行，更徹底顛覆兩人的信念與命運，讓兩人從此走上不同的道路。
Asia,寶萊塢雙雄之戰2,वॉर 2,2025-08-13,5.638,13.1455,傭兵卡畢爾接下風險奇高的任務，替犯罪組織賣命，卻隨即發現自己和無所畏懼的過往盟友反目為敵。
Asia,殺手螳螂,사마귀,2025-09-25,6.339,12.7768,職業殺手的祕密組織陷入混亂，全新類型的殺手應運而生。過往的規則不復存在，誰敢大膽成為黑暗世界的主宰？
Asia,詭娃娃,ドールハウス,2025-06-13,7.0,11.4452,鈴木家的5歲女兒芽衣不幸離世後，太太佳惠（長澤正美 飾）大受打擊，丈夫忠彥（瀨戶康史 飾）費盡心思也沒法讓她釋懷。某天，佳惠偶然在古董市集把超逼真的人偶買回家，將她當成女兒那樣照顧，藉此治療心理創傷。然而，當鈴木夫婦誕下第二個女兒真衣後，人偶漸被冷待，甚至被關進雜物房。5年後，真衣偶然發現人偶並把她當成玩伴，自此，家中接連發生怪事，無論佳惠怎做也無法擺脫人偶的詛咒…到底人偶背後藏有什麼秘密？當中衝擊的真相是？
Asia,悍匪傳奇,ตี๋ใหญ่ ฤกษ์ดาวโจร,2025-11-12,5.013,11.3187,1980 年代曼谷，一名狡猾的小偷犯下一連串重大竊案，警民雙方都毫無頭緒，幸好一位警察不畏艱難，決心將他繩之以法。
Asia,731,731: Evil Unbound,2025-09-18,5.5,10.2767,1945年抗戰勝利前夕，侵華日軍第七三一部隊在哈爾濱平房區以“給水防疫”為名，秘密進行慘無人道的細菌戰研究，大肆抓捕平民進行活體實驗，妄圖以此扭轉敗局。小販王永章（姜武 飾）等人被強行抓入“特設監獄”，日軍以“配合健康檢查與防疫研究即可換取自由”的虛僞承諾，欺騙他們遭受凍傷實驗、毒氣實驗、活體解剖等極端折磨……  影片通過平民視角揭露日軍反人類暴行，展現絕境下國人不屈的反抗精神，旨在讓世人銘記歷史，勿忘國恥，捍衛和平。
Asia,全知讀者視角,전지적 독자 시점,2025-07-23,6.625,8.6861,平凡上班族金獨子唯一的嗜好是閱讀網路小說《在滅亡的世界中存活的三種方法》，不過在長達十年的連載期間，他是這部小說的唯一讀者。當金獨子在地鐵車廂讀完小說最終話時，小說中的場景卻轉瞬成為現實，熟悉的小說角色紛紛登場……
Asia,妳是我眼中的蘋果,"그 시절, 우리가 좋아했던 소녀",2025-02-21,8.5,9.5699,不懂事的振宇（振永 飾）在向善雅（多賢 飾）告白前，共度的許多時光的18歲初戀故事。
Asia,浪浪山小妖怪,浪浪山小妖怪,2025-08-02,7.6,9.3764,沒有通天本領也能踏上取經路？小豬妖決定離開浪浪山，和蛤蟆精、黃鼠狼精、猩猩怪組團取經。西行路上，小妖怪們將遇到怎樣的考驗？最終他們又能否實現心願，活成自己喜歡的樣子？
Asia,室町無賴,室町無頼,2025-01-17,8.4,9.239,1461年京都飢荒與瘟疫肆虐，權貴坐享榮華，對百姓疾苦漠不關心，蓮田兵衛深藏推翻幕府權威的祕密計畫，起義時機終於來臨，他集結了身懷絕技的亡命之徒，策劃史無前例的暴動，然而，兵衛的宿敵的骨皮道賢率領幕府軍前來鎮壓，面對生死一搏，兵衛與戰友們在血雨腥風中挑戰命運，無畏迎向榮耀與死亡的抉擇。
Asia,射鵰英雄傳：俠之大者,射雕英雄传：侠之大者,2025-01-29,6.9,9.243,恩怨情仇的江湖，權勢角力的戰亂時代，郭靖（肖戰 飾）童年離別家鄉，逐漸練就可改變局面和命運的龐大力量。雖受高人賞識和器重，得傳天下絕世武功“九陰真經”和“降龍十八掌”，卻惹來各方嫉忌，成為衆矢之的。  郭靖，不亢不卑，懷赤子之心，與黃蓉（莊達菲 飾）在鐵騎箭雨和硝煙旌旗中，力挽狂瀾，保護南宋邊關。雕海蒼穹，勇者無懼，俠之大者，力拔山河，成就武林傳說。  本片主要改編自金庸同名原著第34至40章。
Asia,怪獸8號：Mission Recon,怪獣８号 第1期総集編／同時上映「保科の休日」,2025-03-28,7.949,9.7452,「怪獸大國」日本的人民經常遭到怪獸肆無忌憚的侵略，嚴重影響到全民的日常生活。日比野卡夫卡曾經立志成為防衛隊員，如今卻是在怪獸專門清潔業工作。某天，卡夫卡被某種神秘的生物侵蝕，身體居然變身成怪獸⋯⋯負責討伐怪獸的日本防衛隊以代號稱之為「怪獸 8 號」。
Asia,女神降臨 Before,女神降臨 Before,2025-03-20,6.0,7.9898,
Asia,刺殺小說家2,刺杀小说家2,2025-10-01,5.1,9.2488,陷人生低谷的小說家路空文（董子健 飾）被巨大的誘惑牽引，導致他自己和書中的角色都陷入了不可逆轉的危機。最終小說家找回了信念，與書中人一起拯救了雙世界危機。
Asia,心中的小星星2,सितारे ज़मीन पर,2025-06-20,7.129,9.4384,籃球隊教練Gulshan工作不順借酒澆愁，結果酒駕撞上警察，法院命他參加社區服務，服務內容就是在3個月內訓練一群身心障礙朋友所組成的籃球隊，讓他們順利參加全國身心障礙者籃球錦標賽，Gulshan該如何完成這個不可能的任務呢？  本片是2007年的Taare Zameen Par(心中的小星星)的精神續集，劇情翻拍自2018年的西班牙語電影「我和我的冠軍籃球隊」。
Asia,新世界1：讚德拉,ലോകഃ Chapter 1: ചന്ദ്ര,2025-08-28,7.264,9.3541,年輕女子錢德拉帶著任務來到班加羅爾。她的鄰居桑尼決定解開她身上的謎團，兩人由此展開了一段意想不到的冒險之旅。
Asia,狂野時代,狂野时代,2025-11-22,6.8,7.9728,在一個人類早已不再做夢的世界裡，有一個怪物依然整日沉迷於逐漸消散的夢境幻影之中，而孤身迷失在無盡的遐想裡，執著於那些世人再也無法目睹的景象。直到一位擁有看穿幻覺能力的神秘女子出現，她決定潛入怪物的夢境深處，在夢與現實交融的邊界穿越百年，尋找隱藏其中足以翻轉時空記憶的秘密與真相⋯⋯。
Asia,羅小黑戰記 2,罗小黑战记 2,2025-07-18,8.406,7.4253,小黑跟隨師父在小鎮上過著安甯日子，分會館遇襲，打破了妖精世界維系多年的和平，來自妖靈會館的“全新任務”也讓兩人陷入分離危機，更讓師父無限的處境發生翻天覆地的變化。面對環環相扣的謎團，小黑與師姐鹿野共同開啓了尋找真相的新冒險。這一次小黑能否經受住考驗，順利保護師父化險為夷？
Asia,放飛旅行團,퍼스트 라이드,2025-10-29,6.6,7.1773,堅持到底的瘋狂執著者、活力爆棚的樂天派、顏值爆表的潮流DJ志願生、腦洞大開的怪咖，還有直率爆笑的傻大姐——這五位從小一起長大的死黨，雖然個性南轅北轍，卻默契滿點。在友情屆滿24週年的同時，他們終於迎來夢寐以求的「人生首次海外旅行」！只是沒想到，這場說走就走的旅程，秒變災難現場：走失、誤會、鬧劇不斷升級，他們能否克服重重危機，重新找回彼此？這場瘋狂之旅的終點，會是一生中的難忘回憶，還是友情的轉捩點呢？
Asia,हाउसफ़ूल 5,हाउसफ़ूल 5,2025-06-05,5.25,7.2651,
Asia,鬼城殺,Demon City 鬼ゴロシ,2025-02-26,6.926,7.6373,他遭誣陷殺害家人，還被丟在原地等死。蒙面的「鬼」已經占據整座城市，這個已經金盆洗手的殺手將不計一切代價展開復仇。
Asia,8號出口,８番出口,2025-08-28,5.983,7.4074,改編自同名恐怖遊戲。一個迷路的男人被困在無限延伸的地下道中，他必須依照指示，找出所有異變並抵達8號出口才能離開……
Asia,名偵探柯南：獨眼的殘像,名探偵コナン 隻眼の残像（フラッシュバック）,2025-04-18,7.5,6.3578,故事描述，長野縣警大和敢助在八岳連峰未寶岳的雪山中追捕某名「男子」之際，遭到男子襲擊並遭到雪崩埋沒。10 個月之後，國立天文台野邊山的研究員因為不明原因遭受攻擊，在雪崩中奇蹟生還的敢助，與上原由衣前往了現場。  讓人意想不到的是，來到現場的敢助，隨著天文台的大型天線啟動，受傷的左眼竟突開始感受到劇痛？另一邊，毛利小五郎與過去在警視廳時期的好友，為了調查 10 個月前的雪崩事件準備會合，沒想到前往途中卻突然傳出槍響！一場覆蓋在暴雪下的神秘事件就此揭開序幕。
Asia,學姊是男孩劇場版：雨後天晴,映画 先輩はおとこのこ あめのち晴れ,2025-02-14,7.5,6.5584,★人氣TV動畫《學姊是男孩》續作躍上大銀幕  ★日本LINE Manga點擊數高達2億2千萬次話題作  ★榮獲日本「第5屆最希望動畫化漫畫排行榜」票選第1名  「只要我們在一起，任何事都會雨後天晴🌈」  ​  執著於找到「特別」的學妹・咲  意識到自己「感情」的學姊・真琴  堅定「守護」著兩人的師父・龍二  ​  TV動畫《學姊是男孩》續作躍上大銀幕  交織著成長痛的青春物語將劃下感動終章——
Asia,காந்தா,காந்தா,2025-11-13,6.7,6.4922,
Asia,為愛叛逆 4,बाघी ४,2025-09-05,4.25,7.1695,
Asia,అర్జున్ S/O వైజయంతి,అర్జున్ S/O వైజయంతి,2025-04-18,6.2,7.3783,
Asia,萬王之王,The King of Kings,2025-04-07,8.5,7.4219,英國文豪查爾斯狄更斯透過一個孩子天真的眼睛講述了耶穌從出生到死亡、最終復活，包含了天使、邪惡國王和奇蹟的故事。
Asia,幼獅王朝,छावा,2025-02-14,6.894,6.1083,父親去世之後，驍勇善戰的桑巴吉馬哈拉傑國王力抗奧朗則布率領的蒙兀兒大軍，為馬拉塔帝國的存亡奮戰。
Asia,地下忍者,アンダーニンジャ,2025-01-24,7.333,6.3814,第二次世界大戰後，日本因為戰敗而必須將忍者組織廢除，然而仍有為數20萬的忍者隱藏在現代日本社會的各個角落，執行各種暗殺或秘密任務。這些忍者使用的忍術並非超能力或魔法，而是光學迷彩服和電擊棒等科技製品。部分「精銳」忍者，在國家級的對抗中負責執行秘密任務，相當活躍。不過，另一方面，下級忍者卻是經常拿不到工作，其中之一的雲隱九郎也一樣，過著宛如尼特族般的生活。他在歷經長期失業後，接下滲透進講談高中的任務...
Asia,校園霸靈13 號,วิญญาณเลขที่ 13,2025-06-13,5.2,6.0411,金才剛來到新學校，就因為挺身挑戰惡霸排球隊長掀起波瀾。沒想到隊長竟然死了，鬼魂還回來找她算帳。
Asia,驅魔編年史：起源之戰,퇴마록,2025-02-21,5.4,5.7491,隱居數百年的海東密教，其第145任領袖為獲得無上權力，竟密謀策畫起一場違反教義的血祭大典。為阻止成魔教主、守護密教未來的接班人，五名護法找來法力高強的神父並肩作戰，再加上為了報恩而誤闖密教結界的年輕武術奇才助陣，一場跨越宗教派別的鬥法大戰一觸即發，誰是傳說中的預言之子？海東密教的未來又會是如何？
Asia,巴拉穆拉詭影,बारामूला,2025-11-06,5.621,6.0561,一名警察在調查兒童綁架案時發現了可怕的祕密，此後靈異事件頻傳，他的家人與祥和的巴拉穆拉小鎮都無法倖免。
Asia,大画王,大画王,2025-03-21,6.0,6.171,
Asia,聖母殺手,파과,2025-04-30,6.5,85.3756,傳奇殺手爪角以剷除社會敗類為宗旨，奉行「絕不能擁有要守護之物」的訓誡，雷厲風行、冷酷俐落，被江湖中人奉為「聖母」。然而年過六十的她，逐漸被長年效力的組織視為過氣殺手。一次行動受傷，她被姜醫師所救，卻意外勾起她內心深處的初心與羈絆，隨著這種脆弱的情感萌芽，爪角陷入了前所未有的危機！
Asia,Christmas Karma,Christmas Karma,2025-11-14,5.333,6.6588,
Europe,死鑽倒影,Reflet dans un diamant mort,2025-06-25,6.011,222.8993,約翰年屆七十，獨居於蔚藍海岸的豪華酒店。他被隔壁神秘女子吸引，喚起對1960年代作為國際間諜的回憶。女子突然失蹤後，約翰陷入一連串光怪陸離的回憶或幻想——魅惑的女人、邪惡的反派、血腥又迷人的往昔。他試圖解開記憶的謎團，卻逐漸分不清現實與幻覺。影片以致敬歐洲諜戰片的風格，描繪一個被電影幻象吞噬的靈魂：舊敵是否重現？陰謀是否仍在？還是他只是沉溺於銀幕的誘惑？
Europe,德古拉：愛情故事,Dracula,2025-07-30,7.116,64.2367,妻子過世後，一位15世紀的王子背棄上帝，變成了吸血鬼。幾個世紀後，在19世紀的倫敦，他看到一個酷似亡妻的女子，便追求她，最終注定了自己的命運。
Europe,柔語情話,Dímelo bajito,2025-12-11,5.975,47.6148,卡蜜拉的人生看似全盤皆順：學業、社交、形象，樣樣完美，直到消失七年的鄰居迪比安可兄弟突然回來。提亞哥奪走她的初吻，泰勒則是她最好的朋友，如今兄弟倆歸來，卻將卡蜜拉的世界攪得天翻地覆。三人能否跨越過去的糾葛？還是一切又將分崩離析？
Europe,限時營救,Wildcat,2025-11-19,6.3,53.0914,艾達的八歲女兒遭到綁架，她過去率領的特種部隊成員們因此再度聚首，為了在十二小時內籌措到高額贖金，他們決定把倫敦變成戰場……
Europe,木匠之子,The Carpenter's Son,2025-11-13,5.2,46.7185,一個僅被稱作 “男孩” 的少年，因另一個神秘孩童心生疑慮，進而反抗監護人 “木匠”，意外喚醒自身潛藏的力量，以及一段他無法理解的宿命。當他開始運用這份力量時，男孩與他的家人便成了恐怖的目標 —— 這些恐怖，既源於自然，也來自神性。
Europe,只為你遺憾,Regretting You,2025-10-22,7.008,40.1966,年輕母親摩根（愛莉森威廉絲 飾演）為了扶養16歲女兒克拉拉（麥肯娜葛瑞絲 飾演）暫時放下自身夢想，沒想到卻遭遇丈夫車禍身亡，讓本來就複雜的母女關係雪上加霜，兩人必須學習如何一同面對人生的難關。
Europe,Sin cobertura,Sin cobertura,2025-08-22,4.889,39.2229,
Europe,Los Muértimer,Los Muértimer,2025-08-14,5.875,32.7226,
Europe,Tinsel Town,Tinsel Town,2025-11-28,6.188,35.5533,
Europe,重裝制裁,A Working Man,2025-03-26,6.704,26.5989,妻子過世之後，萊文凱德（傑森史塔森 飾）離開了皇家海軍陸戰隊，轉當建築工人。某天，萊文的老闆女兒離奇失蹤，於是拜託萊文運用他過去的技能幫忙找人，結果意外揭發了一個涉及政府與犯罪集團的龐大犯罪陰謀……。
Europe,Il Nibbio,Il Nibbio,2025-03-06,7.2,27.9773,
Europe,我們的錯,Culpa nuestra,2025-10-15,7.442,25.5322,珍娜與萊恩的婚禮讓諾娃與尼克久別重逢。然而，尼克對她的傷痛仍難以釋懷，這道心牆成了他們最大的阻礙。如今他繼承了祖父的事業，而她才剛踏入職場。兩人都抗拒讓舊情復燃，但命運卻再次把他們推到同一條路上。愛情能否戰勝怨恨？
Europe,大衛：王者降臨,David,2025-12-14,7.0,26.5498,改編自《聖經》的《撒母耳記上》。當巨人歌利亞崛起，威脅到整個國家時，一個年輕的牧羊人靠著投石索、幾顆石頭，以及堅定不移的信仰，挺身而出。在權力的驅使與使命的指引下，他展開一段考驗著忠誠、愛與信仰的冒險旅程。最終，他不僅要為王冠而戰，更要為國家的命運而戰。
Europe,再見六月,Goodbye June,2025-12-12,7.0,25.3329,這部感人電影是凱特溫絲蕾初試啼聲的執導作品，由海倫米蘭飾演一位重病卻聰明的母親，她用自己的方式安排了人生最後的道別。
Europe,Captain Hook: The Cursed Tides,Captain Hook: The Cursed Tides,2025-07-11,4.951,21.7554,
Europe,讓悲傷長出翅膀,The Thing with Feathers,2025-10-17,7.412,17.6448,爸爸（班尼迪甘巴貝治 飾）喪妻心痛，獨剩自己面對兩位愛兒，曾經的安樂小窩逐漸變得冷清，孤身一人的他唯有藉創作排解對亡妻日益加深的思念。某天，他的悲傷成魔，長出翅膀，一隻巨型烏鴉從他的草圖中誕生，或許是思念亡妻的幻覺，或許是創傷後遺的瘋狂……而行為怪誕的「它」究竟會成為揮之不去的夢魘，還是會以另類的方式伴一家人走出傷痛？
Europe,情感的價值,Affeksjonsverdi,2025-08-20,7.585,26.9714,故事圍繞兩姐妹Nora和Agnes（由Renate Reinsve與Inga Ibsdotter Lilleaas飾演）、她們疏遠的父親Gustav（Stellan Skarsgård飾演）、已故的母親，以及整個家族的歷史。劇情以一座房子貫穿——一棟龐大、吱吱作響的紅色奧斯陸遺跡，地基已有龐大裂縫，內部隱藏著通道。他們世代相傳，長期居住於此。
Europe,28年毀滅倒數,28 Years Later,2025-06-18,6.651,18.739,自從致命的病毒從化學武器實驗室流出後，至今已經過了28年，在仍舊嚴格的隔離政策下，人類漸漸找到與感染者共存的生存方式。其中一群生還者，生活在一座有戒備森嚴單一出入口的離島，但是當他們被迫離開家園深入黑暗的外界時，將發現令感染者和生還者突變的駭人秘密。
Europe,Orang Ikan,Orang Ikan,2025-05-08,5.935,19.7309,
Europe,疾速營救,Stolen Girl,2025-09-04,6.426,20.1726,改編自真實事件，一段跨越國界、危機四伏的尋女之旅。瑪拉（凱特貝琴薩 飾）是一位堅毅的母親，卻在六歲女兒亞米娜被前夫卡林綁走並帶往黎巴嫩後，人生瞬間崩塌。多年來，她孤身尋找女兒，卻始終毫無音訊。就在希望逐漸消逝之際，她遇見了前海軍陸戰隊員、專門處理兒童綁架案件的羅布森（史考特伊斯威特 飾），羅布森承諾協助她穿越險境，奪回孩子。
Europe,沒好婚姻,The Roses,2025-08-27,6.71,17.7767,一對看似愛情事業兩得意、人人稱羨的典範夫妻，正當一切看似「美好婚姻」的伴侶關係，命運卻來一個大反轉，讓原本意氣風發的丈夫「西奧」（班尼迪克康柏拜區 飾）事業碰上重大危機，家中的經濟開銷轉由原本為全職主婦的老婆「艾薇」（奧莉薇亞柯爾曼 飾）一肩扛起，沒想到艾薇的事業從此一飛衝天，而這也導致夫妻間開始產生嫌隙，婚姻也響起了警報，原形畢露的他們該如何圓場？抑或只能你死我活別無他法？
Europe,國家元首,Heads of State,2025-06-24,6.857,15.5545,英國首相與美國總統之間的私人恩怨危及兩國關係。然而兩人被強大的敵人鎖定，被迫相依為命，踏上瘋狂的跨國逃亡之旅。在軍情六處菁英幹員諾兒的幫助下，兩國元首必須設法打擊威脅自由世界的巨大陰謀。
Europe,米奇17號,Mickey 17,2025-02-28,6.83,14.3767,故事講述了一個出乎意料的英雄米奇巴恩斯（羅伯派汀森飾），他發現自己陷入了一個極不尋常的處境：為了完成僱主的要求，他必須不斷經歷死亡，才能換取生存。
Europe,影星傑凱利,Jay Kelly,2025-11-14,6.032,15.434,講述電影明星傑凱利在悉心奉獻的經紀人陪同下展開歐洲之旅，開始正視自己的過往與所處的現狀。
Europe,萌寵列車,Falcon Express,2025-07-02,6.9,14.3764,聖誕節前夕，自稱「獵鷹」的浣熊為了讓一起住在車站、無家可歸的動物夥伴們能夠共享一頓豐盛的聖誕大餐，鋌而走險加入了蜜貛漢斯的犯罪計畫，要將火車上的食物洗劫一空！
Europe,我的過錯：倫敦,My Fault: London,2025-02-12,7.427,13.7135,18歲的諾雅和她的母親從美國搬到倫敦，她的母親最近愛上了英國富商威廉。諾雅遇到威廉的兒子，壞男孩尼克，很快就發現他們之間存在著無法避免的吸引力。諾雅花了整個夏天適應她的新生活時，她毀滅性的過去將在她第一次墜入愛河時對她產生衝擊。
Europe,Ya no quedan junglas,Ya no quedan junglas,2025-09-26,6.579,13.5011,
Europe,Les Orphelins,Les Orphelins,2025-08-20,5.8,12.9195,
Europe,魔域女巫,In the Lost Lands,2025-02-27,6.426,11.4029,神秘女巫接受了皇后一項不尋常的委託。為了完成目標，她必須對付傳說中凶狠無比的狼人，因此找來戴夫巴蒂斯達飾演的資深獵人協助。不過除了可怕的狼人，兩人在旅途上還要面對士兵追殺，並激戰危險妖獸！
Europe,偷心響叮噹,Jingle Bell Heist,2025-11-25,6.028,14.1755,兩個領時薪的打工仔時運不濟，決定在聖誕夜這天合作搶劫倫敦一間高級百貨公司。不過，會不會有誰連心都被對方偷走？
Europe,Murder in Monaco,Murder in Monaco,2025-12-17,6.563,10.2654,
Europe,穿越地獄之門,Sirāt,2025-06-06,6.899,11.9161,父親Sergi López帶著兒子深入摩洛哥南部山區，闖入一場銳舞派對尋找數月前在此類永不停歇的迷幻狂歡中失蹤的女兒兼妹妹Mar。置身於電子音樂轟鳴與陌生而原始的自由氛圍中，他們不斷向人遞出Mar的照片。希望日漸渺茫，卻仍追隨一群銳舞者奔赴沙漠中的終極派對。當父子倆深入灼熱荒原，這場追尋之旅終將迫使他們面對自身的局限
Europe,Los futbolísimos  2 y el misterio del tesoro pirata,Los futbolísimos  2 y el misterio del tesoro pirata,2025-08-08,6.8,9.9754,
Europe,Kryptic,Kryptic,2025-06-09,4.9,10.6854,
Europe,Tin Soldier,Tin Soldier,2025-05-22,4.672,10.6085,
Europe,Das Kanu des Manitu,Das Kanu des Manitu,2025-08-14,6.918,9.3405,
Europe,Grand Prix of Europe,Grand Prix of Europe,2025-07-24,7.1,9.3122,
Europe,殺鹿斑比,Bambi: The Reckoning,2025-07-11,5.5,10.1161,一對母子因一場意外成為了「斑比」的獵物……斑比是一隻因喪母而突變、陷入悲痛與瘋狂的鹿，如今踏上血腥復仇之路，所到之處屍橫遍野。
Europe,不良愛戀,Mala influencia,2025-01-24,5.68,10.1829,前科犯得到改過自新的機會，受僱保護遭人跟蹤的富家千金，但兩人在朝夕相處下，越來越難抗拒彼此的吸引力。
Europe,The Witness,The Witness,2025-04-04,7.235,9.021,
Europe,Ammazzare stanca,Ammazzare stanca,2025-12-04,6.5,9.1224,
Europe,縫合怪,Stitch Head,2025-10-16,7.0,10.2434,一個被瘋狂教授從城堡中喚醒的小生物縫合怪，為了保護教授的其他創造物免受格魯伯斯·納賓鎮居民的侵害而誕生。
Europe,銅斑蛇,Safe House,2025-10-30,6.91,9.4469,六名聯邦特工在洛杉磯恐怖攻擊後隱藏起來，但隨著他們意識到襲擊者可能就在他們之中，開始對彼此產生懷疑。
Europe,The Cut,The Cut,2025-09-04,6.25,8.0879,
Europe,On the Go,On the Go,2025-01-22,6.333,7.5091,
Europe,La Navidad en sus manos 2,La Navidad en sus manos 2,2025-12-05,5.762,9.255,
Europe,毒劫,Havoc,2025-04-25,6.399,8.6966,在腐敗的城市裡，一樁毒品劫案出了致命差錯，厭世警察必須深入地下犯罪世界，拯救一位政治人物的兒子。
Europe,印加女孩：卡雅菈,Kayara,2025-01-02,7.6,8.1471,很久以前，印加帝國的傳令使一向由速度與力量兼具的男性擔任。一位美麗又身手矯健的16歲少女卡雅菈，決心打破傳統，成為史上第一位女性傳令使。在追夢的旅程中，她穿越險峻地形，挺身保護尚未被發現的黃金之城免於遭受掠奪，更在突如其來的危機中拯救了摯愛的親人與朋友。
Europe,危島墜愛,Fall for Me,2025-08-20,6.129,8.5054,莉莉啟程前往陽光普照的馬約卡島探望妹妹薇樂莉亞，展開渴望已久的假期。豈知莉莉前腳剛到，薇樂莉亞就宣布她與法國天菜曼努 閃電訂婚的重磅消息。不僅如此，她還決定要砸錢投資一間豪華民宿。莉莉不禁覺得事有蹊蹺，想摸清未來妹婿的底細，卻萬萬沒想到會在過程中愛上了神祕的夜店經理湯姆。兩人天雷勾動地火，只是這背後藏了一個不可告人的暗黑祕密。
Europe,小人物之歌,Ballad of a Small Player,2025-10-15,5.86,7.605,鏡頭來到五光十色的澳門賭場，一名逃避過去和債務的賭徒，竟對百家樂桌上的神祕女子產生了迷戀。
Europe,殞愛,Alpha,2025-08-20,6.6,8.5147,少女阿爾法昏沉中在派對上被刺青，母親憂心不明針頭可能導致感染可怕神祕病毒，令人身體逐漸石化。阿爾法的抽血檢驗未明，一家子卻有了劇烈變化：女兒格格不入的校園生活陷入三角關係，藥物成癮的舅舅掙扎於誘惑與絕望，身兼醫職的母親在獨撐家庭與束手無策的疫情間喘不過氣。在恐懼蔓延、孤立破碎的世界裡，他們只能擁抱彼此。
Europe,Nouvelle Vague,Nouvelle Vague,2025-10-08,7.425,8.4385,
Europe,Der Tiger,Der Tiger,2025-09-18,6.5,7.8365,
Europe,撤離倒數13天,"13 jours, 13 nuits",2025-06-27,6.635,8.1792,2021年8月15日，塔利班進軍攻佔首都喀布爾，阿富汗當局政權瞬間崩解，法國大使館成為最後一道避難防線。指揮官穆罕默德・畢達臨危受命，必須在短短13天內，率領寥寥無幾的武裝隊員，保護數百名法籍難民橫越戰火肆虐的城市，從這座煉獄的最後出口撤離！
Europe,William Tell,William Tell,2025-01-17,6.2,6.951,
Europe,Rob1n,Rob1n,2025-03-20,5.353,7.6363,
Europe,Fils de,Fils de,2025-09-03,5.318,7.5497,
Europe,罪惡清除工,Cleaner,2025-02-19,6.398,8.4086,背景設定在倫敦，一家能源公司在西歐最高的摩天大樓碎片大廈舉行年會，一群激進的活動家前來砸場子，劫持了300名人質以揭露東道主的腐敗。而他們的正義事業被隊伍中一個狂熱極端分子攪亂，後者準備謀殺大樓裡的所有人，向世界傳遞他的無政府主義資訊。轉機最終落在喬伊·洛克身上，她是一名前士兵，現在當窗戶清潔工，將懸掛在大樓外90層拯救被困在裡面的人並制服兇手，同時找到將腐敗的能源大亨繩之以法的方法。
Europe,À bicyclette !,À bicyclette !,2025-02-26,7.213,8.0246,
Europe,Le Routard,Le Routard,2025-04-02,4.528,6.8858,
America,阿凡達：火與燼,Avatar: Fire and Ash,2025-12-17,7.365,544.1465,這次的故事敘述從人類歸化納美族並當上首領的傑克蘇里、妻子納美戰士奈蒂莉及蘇里的家人一同，在經歷奮戰與傷痛後，依然必須展開全新冒險，也將面臨新登場反派的威脅。
America,出神入化3,Now You See Me: Now You Don't,2025-11-12,6.5,324.1008,這次他們將成為鑽石大盜，對決邪惡勢力，嗆聲「要阻止惡魔，不是斬斷它的雙手，而是扒走它的錢包」。
America,動物方城市2,Zootopia 2,2025-11-26,7.657,322.1041,警官哈茱蒂和胡尼克這次搭檔追蹤一隻神秘爬蟲類的蜿蜒蹤跡。牠的到來，把這座以哺乳類為主的大城市搞得天翻地覆。為了破案，茱蒂與尼克必須到城市裡意想不到的新地點進行臥底，辦案過程處處碰壁，案件影響層面更是盤根錯節，背後是否有更大的藏鏡人在操控一切? 兩人的搭檔關係也面臨前所未有的考驗…
America,佛萊迪餐館之五夜驚魂2,Five Nights at Freddy's 2,2025-12-03,6.463,311.5878,"自從費斯熊佛萊迪披薩餐館發生的那場超自然噩夢事件已經過去一年，當時的恐怖事件逐漸被扭曲成誇張的當地傳說，甚至啟發小鎮舉辦史上首次的費斯節。 前任夜間警衛麥克（喬許哈契遜 飾）以及警官凡妮莎（伊莉莎白萊爾 飾）向麥克11歲的妹妹艾碧（派珀魯比歐 飾）隱瞞關於她的機械玩偶朋友們的真相。但是當艾碧偷溜出去，再次找到佛萊迪、邦尼、積卡和霍斯後，又將發生一系列的恐怖駭人事件，揭露佛萊迪餐館真正起源的黑暗秘密，並且釋放一股隱藏數十年，早已被遺忘的邪惡力量。"
America,世界毀滅者,Worldbreaker,2025-10-30,6.034,180.5923,五年前，現實的裂縫將來自異次元的生物帶到了我們的世界，它們一心想要毀滅我們。一位父親將女兒藏在一座孤島上，保護她的安全，並教她如何生存下去，如何面對即將到來的戰鬥。然而，當世界即將崩塌之時，沒有哪個地方是安全的。
America,三惡人,The Unholy Trinity,2025-06-13,6.214,187.3056,19 世紀 70 年代，蒙大拿州一個小鎮隱藏的秘密引發了暴力事件，一名年輕人回來重拾他的遺產，並陷入了決心維持秩序的警長和一心想摧毀秩序的神秘陌生人之間。
America,鋒迴路轉：亡者歸來,Wake Up Dead Man: A Knives Out Mystery,2025-11-26,7.216,151.0184,貝諾瓦白朗偵探來到有著黑暗歷史的小鎮教會，與誠懇的年輕神父攜手合作，要調查一樁不可能的完美犯罪。
America,逃亡遊戲,The Running Man,2025-11-11,6.824,144.9783,在不久的未來社會，《逃亡遊戲》是收視率最高的電視節目，這是一場致命的競賽，參賽者被稱為逃亡者，他們必須在職業殺手的追殺下存活三十天。參賽者的一舉一動都透過實況轉播提供給嗜血的觀眾收看，他們每多撐一天，獎金也會變得更高。急著拯救身患重病的女兒，工人階級的班理查斯（葛倫鮑威爾 飾）在既魅力十足又冷血無情的節目製作人丹奇利安（喬許布洛林 飾）的說服下，決定鋌而走險參加比賽。但是班的反抗精神、直覺反應與堅韌意志，讓他意外成為觀眾心目中的黑馬，甚至威脅整個體制。隨著收視率飆升，危險程度也越來越高，班不只是要以智力與膽識逃避獵人追殺，更要對抗一個沉迷於觀看他註定要失敗的國家。
America,世界大戰,War of the Worlds,2025-07-29,4.251,170.0792,一場龐大的入侵即將來臨，伴隨而來的是對同名傳奇小說的全新演繹。著名女演員伊娃・朗格莉亞聯同傳奇饒舌歌手兼演員冰塊酷巴，以及米高・奧尼爾與伊曼・賓森，展開一場驚心動魄、超越現實的歷險旅程，當中充滿與現代息息相關的科技、監控與私隱議題。
America,創：戰神,TRON: Ares,2025-10-08,6.587,116.0037,高度先進的程式戰神，由數位世界被派遣至真實世界執行危險任務。這也象徵人類首次直接迎面人工智慧生命，現實與虛擬正面交鋒。
America,狩獵季,Hunting Season,2025-12-05,7.1,103.502,一對住在森林深處的父女，救起了一位被沖到當地河岸邊的受傷年輕女子。一位神祕的陌生人和一位冷酷無情的毒梟，從此徹底改變了他們的生活。毒梟為了徹底除掉她，不惜一切代價。
America,Risqué,Risqué,2025-08-01,4.875,196.6902,
America,狼城驚魂,Muzzle: City of Wolves,2025-11-13,6.8,176.9445,飽受創傷的前警犬訓導員傑克平靜的生活被一場幫派的殘忍襲擊徹底打破，他的家人遭到襲擊。他與新搭檔警犬阿爾戈斯一起，揭露了一個販毒集團，與腐敗官員對抗，並在追捕罪犯的過程中與內心的惡魔搏鬥。
America,換乘真愛,Eternity,2025-11-26,7.0,96.9223,瓊安（伊莉莎白歐森飾演）與賴瑞（麥爾斯泰勒飾演）結縭60年，過著平凡卻充滿默契的婚姻生活。不過一場突如其來的意外，讓賴瑞離開人世，醒來卻發現自己重回年輕時的模樣，置身在一個名叫「靈魂轉運站」的奇幻世界——在這裡，每個靈魂都必須在七天之內，選擇自己將在哪個「永恆」中繼續存在。正當賴瑞猶豫之際，罹癌多年的瓊安也走到了生命盡頭。當她步入轉運站，與年輕樣貌的賴瑞重逢，原以為是命運賜予的奇蹟，卻在下一刻，瓊安見到自己在韓戰中陣亡的第一任丈夫路克（卡倫透納飾演），而路克離世後，便在轉運站癡情苦等瓊安67年，只為與她再續前緣。在這個連結無數靈魂的永恆轉運站裡，瓊安必須面對人生中最艱難的選擇：是與陪她走過一生、歷盡風雨的伴侶再續溫柔歲月？還是重回那段被時間凍結的初戀，重新擁抱年少時那份純粹的悸動？她必須做出選擇，決定自己的永恆。
America,終極戰士：殺戮星球,Predator: Badlands,2025-11-05,7.339,105.2188,宇宙最強獵人終極戰士身處危機四伏的神祕星球，但這次並非因爲嗜血而大開殺戒，而是因為被逐出家園，被迫展開「獵殺訓練」。唯有如此才能贖回返家的資格。
America,The Other,The Other,2025-04-26,5.671,77.9351,
America,家弒服務,The Housemaid,2025-12-18,7.976,80.6805,生活困頓的米莉得到在妮娜和丈夫安德魯的豪宅擔任幫傭的機會，她原本以為這是人生的嶄新開始，殊不知這對生活富裕的夫妻有著不可告人的危險祕密……
America,神鬼劫案：瞞天過海,High Rollers,2025-03-14,6.59,70.2168,大盜梅森（約翰屈伏塔 飾）與同夥及女友戴克（吉娜葛森 飾）過著夢想中的優渥生活，直到黛珂被梅森的死敵綁架，迫使他必須以一場高風險的賭場搶劫來拯救她，同時還得躲避聯邦調查局的追捕。
America,科學怪人,Frankenstein,2025-10-17,7.713,72.8625,奧斯卡得主吉勒摩戴托羅為瑪麗雪萊的經典故事注入嶄新元素，描述一位超凡的科學家，以及他那狂妄野心所造就的怪物。
America,一戰再戰,One Battle After Another,2025-09-23,7.476,73.8238,曾參與多次反抗軍運動的巴柏，為了養育女兒便漸漸淡出抗爭前線，沒想到他的反叛事蹟竟在多年後捲土重來，軍人史蒂芬在16年後突然找上門來，大動作展開搜捕巴柏的女兒。巴柏在無路可退的絕境下，只好聯絡過去的革命夥伴，並與女兒的老師一同展開拯救女兒的計畫。
America,Kpop 獵魔女團,KPop Demon Hunters,2025-06-20,8.173,64.8486,韓流巨星魯米、米拉、佐依不只人氣超高、演唱會場場爆滿，她們還要挺身對抗超自然威脅，用祕密能力保護粉絲。
America,紐倫堡審判,Nuremberg,2025-11-06,7.183,65.6964,二戰時期的精神科醫生在紐倫堡審判前對納粹領導人進行評估，隨著他與赫爾曼·戈林建立起令人不安的聯繫，他對理解邪惡的痴迷也與日俱增。
America,倫敦呼喚,London Calling,2025-09-18,7.0,63.1551,潦倒失意的殺手在任務出錯後逃離英國，被迫幫雇用他的黑幫老大照顧青少年兒子。
America,不可能的任務：最終清算,Mission: Impossible - The Final Reckoning,2025-05-17,7.243,59.7362,這次，伊森不只要面對過去的種種，還將迎來前所未有的考驗，這是一場關乎信念與命運的抉擇。
America,乖狗狗,Good Boy,2025-10-01,6.765,60.1417,一部從狗狗視角出發的恐怖片。可愛狗狗印第跟著主人陶德離開城市搬回空置多年的鄉間小屋，印第卻意外發現超自然力量即將來襲。當主人陶德逐漸被黑暗力量影響時，印第必須鼓起勇氣，阻止心愛的主人被拖入暗黑世界。
America,去死吧，親愛的,Die My Love,2025-10-06,6.4,57.1241,葛蕾絲（珍妮佛勞倫斯 飾）和傑克森（羅伯派汀森 飾）的第一個孩子誕生後，搬回了傑克森的老家蒙大拿州生活，葛蕾絲在這個陌生的環境，面對幫不上忙的丈夫和吵鬧的嬰兒與狗，她在努力保持理智的同時愈加執著於對愛的追求……。
America,魔法壞女巫：第二部,Wicked: For Good,2025-11-19,6.8,51.4235,被冠上「西方壞女巫」惡名的艾法芭遭到放逐後，隱居在奧茲國樹林深處，但是卻仍然為被噤聲的動物爭取自由而奮鬥，並且迫切地想要揭露她所知道關於奧茲國大巫師的真相。
America,超人,Superman,2025-07-09,7.391,56.4327,劇情將聚焦於超人如何在他原本的身分和以人類的方式成長之間取得平衡。身處在將善良視為過時的世界，他將如何成為真理、正義的化身？
America,驚奇4超人：第一步,The Fantastic 4: First Steps,2025-07-23,7.011,50.7702,故事設定在以1960年代為靈感的復古未來世界，漫威工作室的《驚奇4超人: 第一步》隆重介紹漫威的第一家庭－「驚奇先生」李德理查斯、「隱形女」蘇史東、「霹靂火」強尼史東和「石頭人」班格林姆，他們面臨迄今為止最艱鉅的挑戰。他們必須在英雄角色和家庭關係之間取得平衡，同時保衛地球，抵禦名為「行星吞噬者」的貪婪宇宙神及其神秘的使者「銀色衝浪手」。而當行星吞噬者計劃吞噬整個星球及所有人，沒有人可以置身事外。
America,海綿寶寶電影版：尋寶大冒險,The SpongeBob Movie: Search for SquarePants,2025-12-16,7.1,51.0002,為了成為一個大人物，海綿寶寶決定向蟹老闆證明自己的勇氣，追隨神祕又充滿傳奇色彩的幽靈海盜，飛行荷蘭人，踏上一場充滿笑料與驚奇的航海冒險旅程，而這場大冒險也將帶他深入他從來沒有去過的海底最深處。
America,暴蜂尼亞,Bugonia,2025-10-23,7.423,49.0012,兩名深信陰謀論的年輕人綁架了一位有權有勢的大型企業女執行長，因為他們堅信她其實是個企圖摧毀地球的外星人。
America,全家逃走中 2：在節難逃,The Family Plan 2,2025-11-11,6.626,46.3629,丹擺脫殺手生涯之後，在耶誕節只想跟孩子們共度美好時光。但當他得知女兒自有計畫，他決定安排全家去倫敦度假，此時卻有一名意外的敵人盯上他們一家人。
America,顫懼,Keeper,2025-11-12,5.513,44.4973,莉茲（塔緹安娜瑪斯蘭尼飾演）與醫師男友麥康（羅希夫蘇德蘭飾演）來到一處被森林包圍的木屋度假，並慶祝交往一週年。踏入屋內不久，莉茲發現桌上擺著一盒來路不明的詭異蛋糕。麥康說那是管理員的貼心禮物，莉茲因此沒多放在心上。夜裡，麥康的堂弟戴倫（伯克特圖爾頓飾演）與模特兒女友敏卡（伊登韋斯飾演）突然造訪，敏卡趁男人離席時低聲警告莉茲：「這塊蛋糕很糟糕。」儘管心生疑惑，莉茲仍在麥康的堅持下吃了那塊蛋糕。自此，她的世界開始扭曲，血腥幻覺接連襲來，讓她逐漸失去對自身行為的控制。就在混亂加劇之際，麥康以病人突發狀況為由匆忙離去，獨留她在這座被密林與黑暗包圍的木屋。此時，屋內的氛圍愈發詭異，奇怪的聲響、無法解釋的異動，還有潛伏在她周遭的神秘生物，種種難以形容的邪惡力量，逐漸開始將她吞沒…。
America,Please Don't Feed the Children,Please Don't Feed the Children,2025-07-03,6.018,83.2824,
America,侏羅紀世界：重生,Jurassic World Rebirth,2025-07-01,6.371,43.5976,故事背景設定在《侏羅紀世界：統霸天下》事件的五年後，故事描述一支勇敢的團隊隊競相爭奪陸地、海洋和空中三種最大生物的DNA樣本。  而事實證明，地球生態環境基本上已不適合恐龍生存，倖存的那些恐龍生活在與世隔絕的赤道環境中，因為其氣候相似於牠們最初能繁衍生息的好環境。而熱帶生物圈內的這三種最大的生物掌握了一種關鍵的藥物，這種藥物有一種好處，對拯救人類的生命有神奇的效果。
America,闇黑電話2,Black Phone 2,2025-10-15,6.856,43.5413,現在已經17歲的芬尼仍然無法擺脫當年綁架事件帶來的陰影，堅強倔強的葛溫也已經15歲了，她開始在夢中接到闇黑電話的來電，並且看見令人不安的幻象：三個男孩在參加名為阿爾卑湖的冬令營的時候被某個神秘的存在悄悄跟蹤。  為了揭開謎團，結束她和她哥哥承受的折磨，葛溫說服芬尼在一場冬季暴風雪中前往那座營地。她在那裡揭開了“擄童怪”與他們家族歷史之間驚人的交集。於是她和芬尼必須共同面對這個死後力量變得更強大、對他們來說也遠比他們的想像更加重要的殺手。
America,只為你遺憾,Regretting You,2025-10-22,7.008,40.1966,年輕母親摩根（愛莉森威廉絲 飾演）為了扶養16歲女兒克拉拉（麥肯娜葛瑞絲 飾演）暫時放下自身夢想，沒想到卻遭遇丈夫車禍身亡，讓本來就複雜的母女關係雪上加霜，兩人必須學習如何一同面對人生的難關。
America,史普林斯汀：走出虛無,Springsteen: Deliver Me from Nowhere,2025-10-22,6.973,46.5272,1982年，布魯斯史普林斯汀剛結束暢銷專輯〈The River〉巡演，暫別樂團，回到紐澤西州退隱孤室。童年的陰影、空洞的名望與未解的愛情，如鬼魅般纏繞糾結。社會新聞、驚悚小說、真實事件改編的犯罪電影，將他帶回內心隱微幽黯的風暴角落。面對臥室裡的四軌卡帶錄音機與口琴，一首首粗礪卻直擊靈魂的生命之歌流洩而出，而救贖與解放，可有到來的一天？
America,大蟒蛇,Anaconda,2025-12-24,6.6,42.5772,
America,F1電影,F1,2025-06-25,7.797,40.556,傳奇賽車手桑尼海耶斯退休後被說服重出江湖，帶領一支苦苦掙扎的一級方程式車隊，並指導一位年輕的熱門車手，同時再次追逐取得榮耀的機會。
America,改造,Altered,2025-09-18,6.167,39.2313,在另一個平行世界，基因改造人主宰著社會。被社會排斥的里昂和克洛伊為了伸張正義，與利用基因差異的腐敗政客作鬥爭，他們不惜一切代價挑戰這個壓迫性的體制。
America,越境獵殺,Border Hunters,2025-10-20,7.0,37.521,在墨西哥巴亞爾塔港，芬太尼過量奪走了一名美國青年和一名醫護人員的生命，迫使美國大使捲入一場孤注一擲的行動，誓要瓦解販毒集團。前間諜亞伯拉罕·伍德希爾招募了身陷囹圄的前特工傑克·伯恩——人稱「白魔鬼」——一場橫跨叢林、村莊和販毒集團據點的暴力高風險博弈就此展開。在生存、背叛和復仇的掙扎中，傑克必須在危機進一步失控之前，面對他的敵人和自己的過去。由迪恩·諾里斯和胡里奧·馬西亞斯主演。
America,彼岸,Preparation for the Next Life,2025-09-05,6.1,33.2723,在從拘留中心獲釋後，無證移民艾莎搬到了紐約市，發誓要逃離追逐她的種種困境。在皇后區，她愛上了剛退伍的軍人斯金納，他們互相扶持，共同面對在美國開始新生活的種種複雜挑戰。這是一個關於兩個被世界遺忘的人的深刻而真實的愛情故事。
America,Sidelined 2: Intercepted,Sidelined 2: Intercepted,2025-11-27,7.429,32.5077,
America,地球特派員,Elio,2025-06-18,6.973,32.6908,男孩艾立歐無意間被傳送到一個由來自各星系代表人所組成的星際組織，艾立歐被誤認成地球代表大使，他完全沒準備好面對這龐大的重擔與壓力。艾立歐必須代表地球與古怪的外星生命建立新的聯繫、在一連串艱鉅考驗之中倖存下來，並釐清什麼樣的人，才是自己真正註定要成為的人。
America,橫衝直闖,Marty Supreme,2025-12-19,8.2,35.2194,為了實現一個無人相信的偉大夢想，馬提去了一趟地獄。年輕迷人的馬提，渴望名聲、榮耀，以及遙不可及的「世界乒乓球冠軍」頭銜。為了夢想，他什麼都能做到。穿越紐約、巴黎、倫敦、開羅與東京，他在無數的挫折與考驗中前行，遇見了摯友、戀人與夥伴，也一次次在勝敗之間重生。最終，他開創了自己的偉大道路，也領悟了榮光的真正意義。
America,厲陰宅：最終聖事,The Conjuring: Last Rites,2025-09-03,6.942,32.7358,故事改編自華倫夫婦生涯中最知名的事件「斯莫爾家族鬧鬼案」，新英格蘭心靈研究協會表示，斯默爾夫婦於1970年代帶家人搬到賓州的住宅，卻聲稱遇上各種奇異的超自然現象。華倫夫婦的女兒茱蒂華倫將在《厲陰宅：最終聖事》中扮演關鍵角色，不僅是故事的情感核心，也為華倫夫婦的這段銀幕旅程畫下真正的句點。飾演華倫夫人的女星薇拉法蜜嘉更表示「這一部與前三部不同。前三部講的是鬧鬼，而這部則是一種清算，觀眾將見證華倫夫婦人生中非常重要的時刻，而且是會讓你屏息的那種重要時刻」，讓粉絲十分期待在大銀幕見證華倫夫婦故事的最終章。
America,馴龍高手真人版,How to Train Your Dragon,2025-06-06,7.976,30.6634,博克島上，維京人與龍族是世代相傳的宿敵，但小嗝嗝卻與眾不同。作為族長大塊頭史圖依克充滿創意卻不被重視的兒子，小嗝嗝打破數百年來的傳統，和一隻令人畏懼的夜煞－沒牙－成為好朋友，並建立出一段特別的友誼。當一個古老的威脅出現，小嗝嗝和沒牙的友情就成為創造一個全新未來的關鍵。
America,罪人,Sinners,2025-04-16,7.503,34.1263,「夜路走多的人，有天會發現有東西跟著你回家…」 雙胞胎兄弟（麥可·B·喬丹　飾演）試圖擺脫不愉快的過往，回到家鄉想重新開始，但卻發現更為恐怖的邪惡勢力正等待著他們的回歸…
America,我的殺手爸爸,She Rides Shotgun,2025-07-31,7.058,28.9197,內特出獄之後渴望能夠重新做人，但他在獄中招惹到的犯罪集團卻開始追殺他的家人作為報復，內特被迫帶著關係疏遠的11歲女兒波莉展開逃亡之旅，並設法向生性膽小的她傳授生存之道……。
America,星際寶貝：史迪奇,Lilo & Stitch,2025-05-17,7.247,28.4601,因家庭破碎而深感孤單的夏威夷「人類小女孩」莉蘿，與逃離邪惡主人並降臨地球的藍色外星人、卻有酷似無尾熊超可愛外表的史迪奇一拍即合，除了鬧出一連串與地球格格不入的笑話，也在彼此身上找到前所未有的友情與依靠，爆笑又感人的故事十分引人入勝！
America,玩爆約會,Playdate,2025-11-05,6.149,29.6014,失業會計師布萊恩應邀與全職爸爸傑夫一起帶著他們的兒子們玩耍，他原本以為會度過一個輕鬆愉快的下午。然而，他們卻遭到一群傭兵的追殺，毫無準備的布萊恩不得不一次又一次地克服各種荒誕的障礙。
America,The Threesome,The Threesome,2025-09-04,5.853,24.657,
America,藍色太陽宮,Blue Sun Palace,2025-03-12,6.1,27.9175,在紐約皇后區法拉盛的一間按摩店裡，艾米（吳可熙）和迪迪（徐海鵬）在異鄉尋找愛情與幸福，同時背負著遠方家人的期盼與責任。儘管工作帶來身心俱疲的負擔，兩人依然築起堅不可摧的姐妹情誼。然而，在農曆新年這一天，一場突如其來的災難撕裂了她們的世界…
America,A Paw Patrol Christmas,A Paw Patrol Christmas,2025-10-30,5.6,26.6095,
America,捍衛任務：復仇芭蕾,Ballerina,2025-06-04,7.305,27.8366,一名接受「拉斯卡羅馬」訓練的年輕女刺客誓言對殺害她家人的兇手展開復仇。影片將從「芭蕾舞者」女殺手的全新角度，見證約翰維克的產地——「拉斯卡羅馬」的神祕背景以及這些殺手的訓練過程。
America,無名弒2,Nobody 2,2025-08-13,7.034,28.8224,哈奇曼賽在被迫單挑俄羅斯黑幫的四年後，仍然欠犯罪組織三千萬美元，他必須靠著執行一項接一項刺殺國際惡棍的任務慢慢還債。雖然他很喜歡這份充滿驚險刺激動作的『工作』，但是哈奇和他太太貝卡都已經身心俱疲，夫妻之間的感情也逐漸疏遠。於是他們就決定帶著一對兒女（蓋奇曼羅、佩絲莉卡多拉特 飾）前往『狂野比爾奇幻遊樂水世界』來一場短暫的家庭假期，這也是哈奇和他弟弟哈利小時候一起度假的地方。
America,MINECRAFT麥塊電影,A Minecraft Movie,2025-03-31,6.314,26.9755,四位邊緣人「垃圾人」蓋瑞森(傑森摩莫亞 飾)、亨利(賽巴斯汀尤金漢森 飾)、娜塔莉(愛瑪梅耶斯 飾)和譚恩(丹妮爾布魯克斯 飾)，突然被拉進一個神祕入口，進入充滿想像力又古怪的方塊仙境「主世界」中。為了回家，他們必須設法掌控這個世界，並與專業蓋房人史蒂夫(傑克布萊克 飾)，並一同踏上神奇的探索之旅。此趟冒險旅程將挑戰他們五人的勇氣，並重新激發他們每個人具有獨特創造力的特質，而這些正是他們返回現實世界成長茁壯所需的技能。
America,重裝制裁,A Working Man,2025-03-26,6.704,26.5989,妻子過世之後，萊文凱德（傑森史塔森 飾）離開了皇家海軍陸戰隊，轉當建築工人。某天，萊文的老闆女兒離奇失蹤，於是拜託萊文運用他過去的技能幫忙找人，結果意外揭發了一個涉及政府與犯罪集團的龐大犯罪陰謀……。
America,Sidelined: The QB and Me,Sidelined: The QB and Me,2025-02-06,6.1,24.6488,
